raw.transaction_description,raw.prime_award_base_transaction_description
CLIMATE RESILIENCE SUPPORT SERVICES - INCORPORATE NEW WITHIN SCOPE OBJECTIVES FOR NATURE BASED SOLUTIONS.,CLIMATE RESILIENCE SUPPORT SERVICES
THE PURPOSE OF THIS ADMINISTRATIVE MODIFICATION IS TO CHANGE THE CONTRACTING OFFICER.,THIS SOLICITATION IS FOR LANGUAGE SERVICES FOR FOREIGN LANGUAGE TRANSLATION & INTERPRETATION SERVICES BPA.
SUSTAINABILITY AND ENVIRONMENTAL PROGRAM CONSULTING SERVICES BPA CALL,DEVELOPMENT OF CLIMATE CHANGE ON-LINE TRAINING
THE DEPARTMENT OF HOMELAND SECURITY (DHS) ESTABLISHED THE DSS 2.0 BLANKET PURCHASE AGREEMENT (BPA) TO PROVIDE EFFECTIVE OPERATIONAL AND MANAGEMENT SOLUTIONS THAT WILL FACILITATE THE SUSTAINABILITY AND SUPPORT OF THE DHS HEADQUARTERS (HQ) COMPONENT MI,"THE PURPOSE OF THIS PR IS TO ESTABLISH A NEW CALL ORDER UNDER THE DSS 2.0 BPA FOR OCIO COMMUNICATIONS SUPPORT, WITH A TOTAL VALUE OF $3,988,213.08, AND INCREMENTALLY FUND BASE PERIOD SUPPORT. A.ESTABLISH CLIN 0001 (BASE LABOR) WITH A TOTAL VALUE OF"
"THE PURPOSE OF THIS MODIFICATION IS TO INCORPORATE A REVISED DD254 (VERSION 002, DATED 08/30/2024).  ALL OTHER TERMS AND CONDITIONS OF TASK ORDER 70RCSA21C00000005 SHALL REMAIN UNCHANGED.","PRIORITY SERVICES SCIENTIFIC, ENGINEERING AND TECHNICAL ASSISTANCE (PS-SETA)"
EXERCISING OPTION YEAR 1,CBP OFFICE OF TRADE PERFORMANCE MANAGEMENT (PM) EVALUATION CONSISTENCY ACCOUNTABILITY TRANSPARENCY (E-CAT) SUSTAINABILITY SUPPORT SERVICES
"THE PURPOSE OF THIS REQUIREMENT IS TO REGISTER LAPARACINA WILLIAMS FOR THE ""22-LEADERSHIP/MANAGER/PRE-SUPERVISORY DEVELOPMENT"" LEADERSHIP TRAINING COURSE OFFERED BY THE PARTNERSHIP FOR PUBLIC SERVICE.","THE PURPOSE OF THIS REQUIREMENT IS TO REGISTER LAPARACINA WILLIAMS FOR THE ""22-LEADERSHIP/MANAGER/PRE-SUPERVISORY DEVELOPMENT"" LEADERSHIP TRAINING COURSE OFFERED BY THE PARTNERSHIP FOR PUBLIC SERVICE."
ENERGY AND SUSTAINABILITY AND ENVIRONMENTAL SERVICES FOR THE OFFICE OF ASSET AND FACILITIES MANAGEMENT (OAFM),ENERGY AND SUSTAINABILITY AND ENVIRONMENTAL SERVICES FOR THE OFFICE OF ASSET AND FACILITIES MANAGEMENT (OAFM)
TERMINATION FOR CONVENIENCE OF THE GOVERNMENT,SOCIAL MEDIA RECRUITMENT - OS
"EFFECTIVE FEBRUARY 26, 2025, THE PURPOSE OF THIS MODIFICATION IS TO ISSUE A TERMINATION FOR CONVENIENCE OF THE GOVERNMENT FOR THIS PURCHASE ORDER IN ITS ENTIRETY. NO FURTHER WORK SHALL BE PERFORMED.",THE PURPOSE OF THIS FFP PURCHASE ORDER IS TO PROCURE SES EXECUTIVE TRAINING.
"TERMINATION FOR CONVENIENCE DEOBLIGATION OF FUNDING FOR THE LEASE OF 52 UNITS AT JADE AT OLDE NAPLES I, LLC FOR TEMPORARY HOUSING OF DISPLACED APPLICANTS.","TO LEASE 52 UNITS AT JADE AT OLDE NAPLES I, LLC - 11TH ST., NORTH NAPLES, FL, FOR TEMPORARY HOUSING OF DISPLACED DR-4673-FL DISASTER APPLICANTS AFTER ALL REQUIRED REPAIRS/RENOVATION NECESSARY ARE MADE TO MAKE THE UNITS HABITABLE."
FULL TERMINATION FOR THE CONVENIENCE OF THE GOVERNMENT.,PROOF OF CONCEPT EXECUTION MANAGER
THE PURPOSE OF THIS MODIFICATION IS TO PARTIALLY TERMINATE FOR CONVENIENCE A PORTION OF THE WORK AND EXERCISE THE LAST OPTION PERIOD FOR PERFORMANCE BUDGET DELIVERABLES SUPPORT.,PERFORMANCE BUDGET DELIVERABLES SUPPORT
THE PURPOSE OF MODIFICATION P00004 IS TO TERMINATE TASK ORDER NO. 70T024F7671N001 FOR CONVENIENCE.,STRATEGIC PLAN FOR TSA'S CONTRACTING & PROCUREMENT (C&P)
"THE PURPOSE OF THIS MODIFICATION IS TO PARTIALLY TERMINATE THE TASK ORDER TO REMOVE ALL LANGUAGE AND ENDING RENDERING OF SERVICES TO DIVERSITY, EQUITY, AND INCLUSION, EFFECTIVE IMMEDIATELY.",THIS IS A BPA CALL AGAINST THE PROGRAM ANALYSIS AND EVALUATION (PA&E) BLANKET PURCHASE AGREEMENT (BPA) REGARDING THE CITIZENSHIP AND INTEGRATION GRANT PROGRAM (CIGP) EVALUATION EFFORT.
ICDF (PEP) AMENDMENT TO ADD FUNDING. THE COR WILL BE CHANGED  FROM CHRISTIAN ONWUTEAKA TO DAWN METZ.,"INTELLIGENCE AND CYBERSECURITY DIVERSITY FELLOWSHIP (ICDF) IS DESIGNED TO HELP DHS MEET CURRENT AND FUTURE MISSION DRIVEN WORKFORCE NEEDS IN SCIENCE, TECHNOLOGY, ENGINEERING, AND MATHEMATICS (STEM) FIELDS BY CREATING A PIPELINE OF HIGHLY QUALIFIED TA"
FULL TERMINATION FOR THE CONVENIENCE OF THE GOVERNMENT.,BARRIER ANALYSIS
"THE PURPOSE OF THIS MODIFICATION IS TO REVISE THE FAR CLAUSE.  THE MODIFICATION ACTION REMAINS THE SAME. THE PURPOSE OF THIS MODIFICATION IS TO CLOSE OUT THE CALL ORDER. ALL SERVICES HAVE BEEN RENDERED, AND INVOICES HAS BEEN PAID IN FULL.",THIS CALL ORDER IS TO ISSUE A NEW ECQ PACKAGE FOR THOMAS LAYOU WHO WAS TENTATIVELY SELECTED FOR THE SES POSITION AS THE DEPUTY CHIEF FINANCIAL OFFICER.
"THE PURPOSE OF THIS MODIFICATION IS PARTIALLY TERMINATE THE TASK ORDER TO REMOVE ALL LANGUAGE AND ENDING RENDERING OF SERVICES RELATED TO DIVERSITY, INCLUSION, AND EQUITY, EFFECTIVE IMMEDIATELY.",CP3 STRATEGIC COMMUNICATIONS SUPPORT
FULL TERMINATION FOR THE CONVENIENCE OF THE GOVERNMENT.,PROCUREMENT POLICY AND ORGANIZATION SUPPORT
"THE PURPOSE OF THIS MODIFICATION IS TO REVISE THE FAR CLAUSE.    THE MODIFICATION ACTION REMAINS THE SAME. THE PURPOSE OF THIS MODIFICATION IS TO CLOSE OUT THE CALL ORDER. ALL SERVICES HAVE BEEN RENDERED, AND INVOICES HAS BEEN PAID IN FULL.","THIS CALL ORDER IS FOR THE PURPOSE OF ISSUING A NEW ECQ PACKAGE TO JORDAN NELMS, WHO HAS BEEN TENTATIVELY SELECTED FOR THE SES POSITION OF DEPUTY ASSISTANT ADMINISTRATOR FOR THE FIELD OPERATIONS DIRECTORATE."
FFRDC HSSEDI MODERNIZING FEMA EMI THROUGH EMI ANYWHERE   MODIFICATION TO INCORPORATE THE REVISED TEP DATED 01/30/2025.,FFRDC HSSEDI MODERNIZING FEMA EMI THROUGH EMI ANYWHERE
"THE PURPOSE OF THIS MODIFICATION IS TO CLOSE OUT THE CALL ORDER. ALL SERVICES HAVE BEEN RENDERED, AND INVOICES HAS BEEN PAID IN FULL.",THE PURPOSE OF THIS CALL ORDER IS TO ISSUE A NEW ECQ PACKAGE
"TERMINATE FOR CONVENIENCE THE CONTRACT FOR VIRTUAL AND IN PERSON, DIVERSITY, INCLUSION,EQUITY AND ACCESSIBILTY TRAINING TO POLICY & STRATEGY STAFF AT USCIS, IN ACCORDANCE WITH EO 14173.","VIRTUAL AND IN PERSON, DIVERSITY, INCLUSION,EQUITY AND ACCESSIBILTY TRAINING TO POLICY & STRATEGY STAFF"
FULL TERMINATION FOR CONVENIENCE OF THE CALL ORDER IN ACCORDANCE WITH PRESIDENTIAL EXECUTIVE ORDER 14035.,PROGRAM AND TECHNICAL SUPPORT SERVICES FOR OFFICE OF DIVERSITY AND CIVIL RIGHTS (ODCR)
"TERMINATE ALL SERVICES, MATERIALS, SUPPLIES, EQUIPMENT, TRAVEL, AND PROJECT SUPERVISION FOR THE ENTERPRISE TRANSFORMATION INITIATIVE SUPPORT SERVICES.",ENTERPRISE TRANSFORMATION INITIATIVE (ETI) SUPPORT SERVICES
MODIFICATION P00001: TERMINATION FOR CONVENIENCE OF THE GOVERNMENT (COMPLETE),NEW CONTRACT - BLOOMBERG GOVERNMENT (ONLINE SUBSCRIPTION)
FULL TERMINATION FOR THE CONVENIENCE OF THE GOVERNMENT,"THE SCOPE OF THIS REQUIREMENT IS TO PROVIDE ORGANIZATIONAL ANALYSIS TO SUPPORT THE IMPLEMENTATION OF CISA ECD'S LONG-RANGE IMPROVEMENT EFFORTS AND RELATED ACTIVITIES:  A. ORGANIZATIONAL BENCHMARKING, BASELINING AND REBASELINING (PHASE 1) B. I"
TERMINATION FOR CONVENIENCE; ANNUAL POLITICO PRO SUBSCRIPTION,ANNUAL POLITICO PRO SUBSCRIPTION
"THE PURPOSE OF THIS MODIFICATION IS TO TERMINATE ALL REFERENCES TO DEI (DIVERSITY, EQUITY, AND INCLUSION) IN THE PWS ASSOCIATED WITH THIS CALL ORDER.   PURSUANT TO EXECUTIVE ORDER ISSUED JANUARY 20, 2025, ENTITLED, ENDING RADICAL AND WASTEFUL GOVERNM",THE SERVICE OBJECTIVE OF THIS CALL ORDER IS TO PROCURE AMERICAN SIGN LANGUAGE (ASL) INTERPRETATION SERVICES THAT MEET THE OBJECTIVES IN THE BELOW PERFORMANCE WORK STATEMENT (PWS).  THIS BPA CALL ORDER FOR ASL SUPPORT SERVICES FOR THE OFFICE OF EQUAL
"TERMINATE FOR CONVENIENCE OF THE GOVERNMENT, FEDERALLY FUNDED RESEARCH AND DEVELOPMENT - BUDGET ORGANIZATIONAL STUDY OF ICE DIRECTORATE ENFORCEMENT AND REMOVAL OPERATIONS.",FFRDC - BUDGET ORGANIZATIONAL STUDY OF ICE DIRECTORATE ERO
P00005 - TERMINATION FOR THE GOV'TS CONVENIENCE,SALC ALSS TO 0008 - SPC-IRT ILS SUPPORT SERVICES
THIS IS TO ISSUE A STOP-WORK ORDER FOR LEADERSHIP TRAINING AND DEVELOPMENT TO PARTICIPANTS TO BE FUTURE LEADERS THROUGH THE EXCELLENCE IN GOVERNMENT FELLOWS PROGRAM.,THIS REQUIREMENT IS FOR PROVIDE LEADERSHIP TRAINING AND DEVELOPMENT TO PARTICIPANTS TO BE FUTURE LEADERS THROUGH THE EXCELLENCE IN GOVERNMENT FELLOWS PROGRAM.
"THE PURPOSE OF THIS MODIFICATION IS TO CLOSE OUT THE CALL ORDER. ALL SERVICES HAVE BEEN RENDERED, AND INVOICES HAS BEEN PAID IN FULL.",THE PURPOSE OF THIS CALL ORDER IS TO ISSUE A NEW ECQ PACKAGE.
CLOSEOUT,CONTRACT CLOSEOUT SUPPORT SERVICES
TERMINATE FOR CONVENIENCE OF THE GOVERNMENT.,CALL ORDER #2 FOR BARRIER ANALYSIS STUDY
STRATEGIC INTEGRATION,STRATEGIC INTEGRATION SUPPORT SERVICES
FULL TERMINATION FOR CONVENIENCE OF THE BPA IN ACCORDANCE WITH PRESIDENTIAL EXECUTIVE ORDER 14035.,PROGRAM AND TECHNICAL SUPPORT SERVICES FOR OFFICE OF DIVERSITY AND CIVIL RIGHTS (ODCR)
"THE SUSTAINABILITY AND ENVIRONMENTAL PROGRAMS OFFICE, ENVIRONMENTAL PLANNING AND HISTORIC PRESERVATION PROGRAM REQUIRES A COMPREHENSIVE AND EFFICIENT CONTRACTING VEHICLE FOR OBTAINING POLICY RELATED CONSULTING AND EXPERTISE TO SUPPORT THE DEVELOPMENT","EXPLANATION OF REQUEST/REQUIREMENT: THE SUSTAINABILITY AND ENVIRONMENTAL PROGRAMS OFFICE, ENVIRONMENTAL PLANNING AND HISTORIC PRESERVATION PROGRAM REQUIRES A COMPREHENSIVE AND EFFICIENT CONTRACTING VEHICLE FOR OBTAINING POLICY RELATED CONSULTING AND"
"THE PURPOSE OF THIS MODIFICATION IS TO TERMINATE ALL REFERENCES TO DEI (DIVERSITY, EQUITY, AND INCLUSION) IN THE PWS ASSOCIATED WITH THIS CALL ORDER.   PURSUANT TO EXECUTIVE ORDER ISSUED JANUARY 20, 2025, ENTITLED, ENDING RADICAL AND WASTEFUL GOVERNM",THE SERVICE OBJECTIVE OF THIS CALL ORDER IS TO PROCURE COMMUNICATION ACCESS REAL-TIME (CART) TRANSLATION SERVICES THAT MEET THE OBJECTIVES IN THE BELOW PERFORMANCE WORK STATEMENT (PWS).  THIS BPA CALL  ORDER FOR CART SERVICES FOR THE OFFICE OF EQUAL
P00001 - TERMINATION FOR CONVENIENCE,"THE CONTRACTOR SHALL PROVIDE STRATEGIC COMMUNICATIONS SUPPORT, CHANGE MANAGEMENT SUPPORT, ADMINISTRATIVE SUPPORT, PROJECT MANAGEMENT SUPPORT, AND EXECUTIVE SUPPORT TO THE RESPONDER LODGING PROGRAM IN THE OCAO DISASTER SUPPORT BRANCH."
"PARTIAL TERMINATION FOR CONVENIENCE OF REGULATORY TRAINING CONTRACT DUE TO DETERMINATION OF NON-ESSENTIAL SERVICE, PER GSA MEMORANDUM.",FEDERAL REGULATORY TRAINING FOR OP&S
THIS IS A CONTRACT CLOSEOUT PR ACTION INITIATED BY THE S&T  VERIFICATION AND VALIDATION (V&V) TEAM.   NOTICE TO VENDOR: PLEASE SEND COUNTERSIGNED MODIFICATION VIA  EMAIL TO MS. COURTNEY BYRD AT COURTNEY.BYRD@HQ.DHS.GOV.  DESCRIPTION:,OIP FRONT OFFICE SETA SUPPORT
"THE PURPOSE OF THIS MODIFICATION IS TO PARTIALLY TERMINATE THE TASK ORDER TO REMOVE ALL LANGUAGE AND ENDING RENDERING OF SERVICES RELATED TO DIVERSITY, INCLUSION, AND EQUITY.",NEW GSA FSS ORDER WITH DHS/OPE FOR SEESAY (S4) CAMPAIGN SUPPORT
"THE PURPOSE OF THIS MODIFICATION IS TO TERMINATE ALL REFERENCES TO DEI (DIVERSITY, EQUITY, AND INCLUSION) IN THE PWS ASSOCIATED WITH THIS CONTRACT.   PURSUANT TO EXECUTIVE ORDER ISSUED JANUARY 20, 2025, ENTITLED, ENDING RADICAL AND WASTEFUL GOVERNMEN",OFFICE OF EQUAL RIGHTS ORGANIZATIONAL HEALTH ASSESSMENT SUPPORT SERVICES
"THE PURPOSE OF THIS MODIFICATION IS TO REVISE THE FAR CLAUSE.   THE MODIFICATION ACTION REMAINS THE SAME. THE PURPOSE OF THIS MODIFICATION IS TO CLOSE OUT THE CALL ORDER. ALL SERVICES HAVE BEEN RENDERED, AND INVOICES HAS BEEN PAID IN FULL.",THIS CALL ORDER IS TO ISSUE A NEW ECQ PACKAGE FOR ROBERT SULLIVAN.
"RESILIENCE, ENERGY, AND SUSTAINABILITY MANAGEMENT (RESM) PROGRAM SUPPORT SERVICES","RESILIENCE, ENERGY, AND SUSTAINABILITY MANAGEMENT (RESM) PROGRAM SUPPORT SERVICES"
ENVIRONMENTAL SUPPORT SERVICES,SUSTAINABILITY AND ENVIRONMENTAL SUPPORT SERVICES
"THE PURPOSE OF THIS MODIFICATION IS TO CLOSE OUT THE CALL ORDER. ALL SERVICES HAVE BEEN RENDERED, AND INVOICES HAS BEEN PAID IN FULL.",THIS CALL ORDER IS FOR THE PURPOSE OF ISSUING A NEW ECQ PACKAGE
"THE PURPOSE OF THIS MODIFICATION IS TO REVISE THE FAR CLAUSE.    THE MODIFICATION ACTION REMAINS THE SAME. THE PURPOSE OF THIS MODIFICATION IS TO CLOSE OUT THE CALL ORDER. ALL SERVICES HAVE BEEN RENDERED, AND INVOICES HAS BEEN PAID IN FULL.","THIS CALL ORDER IS TO ISSUE A NEW ECQ PACKAGE FOR MONROE NEAL, JR."
THE PURPOSE OF THIS MODIFICATION IS TERMINATE THE CONTRACT FOR CONVENIENCE OF THE GOVERNMENT.,"SRMA NATIONAL PLAN IMPLEMENTATION DATA, INFORMATION & STRATEGIC TECHNICAL AND GENERAL MISSION SUPPORT SERVICES"
"THE PURPOSE OF THIS MODIFICATION IS TO PARTIALLY TERMINATE THE TASK ORDER TO REMOVE ALL LANGUAGE AND ENDING RENDERING OF SERVICES TO DIVERSITY, EQUITY, AND INCLUSION, EFFECTIVE IMMEDIATELY.","DHS, CRCL CASE MANAGEMENT PILOT PROGRAM (CMPP) EVALUATION"
"PLANNING, PROGRAMMING, BUDGETING, EXECUTION AND EVALUATION (PPBE&E) POLICY SUPPORT SERVICES","PLANNING, PROGRAMMING, BUDGETING, EXECUTION AND EVALUATION (PPBE&E) POLICY SUPPORT SERVICES"
"THE PURPOSE OF THIS MODIFICATION IS TO CLOSE OUT THE CALL ORDER. ALL SERVICES HAVE BEEN RENDERED, AND INVOICES HAS BEEN PAID IN FULL.",THE PURPOSE OF THIS CALL ORDER IS TO ISSUE A NEW ECQ PACKAGE.
P00002 - TERMINATION FOR CONVENIENCE,ESTABLISH THE CCSP PROGRAM FOR ALL ELIGIBLE DHS FEMA EMPLOYEES
PEOPLE AND CULTURE SURVEY CLIMATE SUPPORT SERVICES,CLIMATE SURVEY SUPPORT SERVICES
POLITICO ONLINE SUBSCRIPTIONS,POLITICO ONLINE SUBSCRIPTIONS
"THE PURPOSE OF THIS MODIFICATION IS PARTIALLY TERMINATE THE BLANKET PURCHASE AGREEMENT TO REMOVE ALL LANGUAGE AND ENDING RENDERING OF SERVICES TO DIVERSITY,EQUITY AND INCLUSION, EFFECTIVE IMMEDIATELY.","OCFO, PA&E EVALUATION SERVICES  MULTIPLE AWARD, BLANKET PURCHASE AGREEMENT"
"MASTER PUBLIC INFORMATION OFFICER (MPIO) CURRICULUM REVISION  MODIFICATION TO INCORPORATE THE UPDATED STATEMENT OF WORK (SOW) DATED JANUARY 29, 2025",MASTER PUBLIC INFORMATION OFFICER (MPIO) CURRICULUM REVISION
"THE PURPOSE OF THIS MODIFICATION IS TO CLOSE OUT THE CALL ORDER. ALL SERVICES HAVE BEEN RENDERED, AND INVOICES HAS BEEN PAID IN FULL.",THE PURPOSE OF THIS CALL ORDER IS TO ISSUE A NEW ECQ PACKAGE.
"THE PURPOSE OF THIS MODIFICATION IS PARTIALLY TERMINATE THE BLANKET PURCHASE AGREEMENT TO REMOVE ALL LANGUAGE AND ENDING RENDERING OF SERVICES TO DIVERSITY,EQUITY AND INCLUSION, EFFECTIVE IMMEDIATELY.","OCFO, PA&E EVALUATION SERVICES  MULTIPLE AWARD, BLANKET PURCHASE AGREEMENT"
MODIFICATION P00003 TO PURCHASE ORDER 70B04C22P00000336 IS TO TERMINATE FOR THE GOVERNMENT'S CONVENIENCE IN ACCORDANCE WITH FAR 52.212-4(L).,THIS IS FOR THE PURCHASE OF ACCESS TO THE POLITICO PRO INFORMATION DATABASE.
"THE PURPOSE OF THIS MODIFICATION IS PARTIALLY TERMINATE THE TASK ORDER TO REMOVE ALL LANGUAGE AND ENDING RENDERING OF SERVICES TO DIVERSITY, EQUITY, AND INCLUSION, EFFECTIVE IMMEDIATELY.",PROGRAM ANALYSIS & EVALUATION (PA&E) SUPPORT SERVICES MULTI-AWARD BLANKET PURCHASE AGREEMENT (BPA).
FULL TERMINATION OF THE BPA IN ACCORDANCE WITH PRESIDENTIAL EXECUTIVE ORDER 14035.,"EQUAL EMPLOYMENT OPPORTUNITY (EEO) SUPPORT SERVICES, IN SUPPORT OF THE OFFICE OF DIVERSITY AND CIVIL RIGHTS (ODCR)"
"THE PURPOSE OF THIS MODIFICATION IS PARTIALLY TERMINATE THE BLANKET PURCHASE AGREEMENT TO REMOVE ALL LANGUAGE AND ENDING RENDERING OF SERVICES TO DIVERSITY,EQUITY AND INCLUSION, EFFECTIVE IMMEDIATELY.","OCFO, PA&E EVALUATION SERVICES  MULTIPLE AWARD, BLANKET PURCHASE AGREEMENT"
"THE PURPOSE OF THIS REQUISITION IS TO OBTAIN REGULATORY SUPPORT SERVICES FOR IMPLEMENTATION OF ""MAKE PPE IN AMERICA ACT,"" AND HSAR CLASS DEVIATION 13-01.","THE PURPOSE OF THIS REQUISITION IS TO OBTAIN REGULATORY SUPPORT SERVICES FOR IMPLEMENTATION OF ""MAKE PPE IN AMERICA ACT,"" HSAR CLASS DEVIATION 13-01, AND EO 14035."
"ANNUAL ONLINE IMMIGRATION LAW RESEARCH TOOL SUBSCRIPTIONS, AILALINK, FOR THE OFFICE OF CHIEF COUNSEL (OCC) - TERMINATION FOR CONVENIENCE","ANNUAL ONLINE IMMIGRATION LAW RESEARCH TOOL SUBSCRIPTIONS, AILALINK, FOR THE OCC"
"TERMINATION FOR CONVENIENCE - REFUGEE, ASYLUM & INTERNATIONAL OPERATIONS VALUING ORGANIZATIONAL INNOVATION, CULTURE, AND ENGAGEMENT DIVISION - WORKPLACE WELL-BEING AND ENGAGEMENT TRAINING","RAIO VOICE FOR DIVERSITY, EQUITY, INCLUSION, ACCESSIBILITY, AND BELONGING TRAINING"
"THE PURPOSE OF THIS MODIFICATION IS TO CLOSE OUT THE CALL ORDER. ALL SERVICES HAVE BEEN RENDERED, AND INVOICES HAS BEEN PAID IN FULL.",THE PURPOSE OF THIS CALL ORDER IS TO ISSUE A NEW ECQ PACKAGE.
THE PURPOSE OF THE MODIFICATION IS TO EXERCISE OPTION PERIOD 2.,"THE PURPOSE OF THIS BLANKET PURCHASE AGREEMENT IS TO PROVIDE CONTRACTOR SUPPORT FOR ALL NECESSARY PERSONNEL, MANAGEMENT, AND ADMINISTRATIVE SERVICES FOR THE MISSION SUPPORT ORGANIZATION."
"STUDY OF EMERGENT ISSUES IN WUI FIREFIGHTER OCCUPATIONAL HEALTH AND SAFETY  THE PURPOSE OF THIS MODIFICATION IS TO DE-SCOPE AND CANCEL ALL REMAINING UNPERFORMED TASKS AND DELIVERABLES; DE-OBLIGATE FUNDING, AND CHANGE THE PERIOD OF PERFORMANCE END D",STUDY OF EMERGENT ISSUES IN WUI FIREFIGHTER OCCUPATIONAL HEALTH AND SAFETY
"THE PURPOSE OF THIS MODIFICATION IS PARTIALLY TERMINATE THE TASK ORDER TO REMOVE ALL LANGUAGE AND ENDING RENDERING OF SERVICES TO DIVERSITY, EQUITY, AND INCLUSION, EFFECTIVE IMMEDIATELY.","OCFO, PA&E EVALUATION SERVICES  MULTIPLE AWARD, BLANKET PURCHASE AGREEMENT"
"THE PURPOSE OF THIS MODIFICATION IS TO CLOSE OUT THE CALL ORDER. ALL SERVICES HAVE BEEN RENDERED, AND INVOICES HAS BEEN PAID IN FULL.",THE PURPOSE OF THIS CALL ORDER IS TO ISSUE A NEW ECQ PACKAGE.
THE PURPOSE OF THIS MODIFICATION IS TO ISSUE A TERMINATION FOR CONVENIENCE.,NATIONAL CRITICAL FUNCTION CLIMATE CHANGE IN ACCORDANCE WITH E.O. 14008.
MODIFICATION P00001 TO 70B04C24F00001135 FOR CHANGE AND CONFIGURATION MANAGEMENT IS TO TERMINATE THE ORDER FOR THE GOVERNMENT'S CONVENIENCE.  THE MODIFICATION ALSO DEOBLIGATES FUNDING NOT USED IN THE PERFORMANCE OF THE ORDER.,CHANGE AND CONFIGURATION MANAGEMENT
THE PURPOSE OF THIS MODIFICATION IS TO CLOSEOUT 70FA6023F00000063.,"LEADERSHIP ALIGNMENT AND DECISION MAKING FOR THE FY23 BUILDING RESILIENT INFRASTRUCTURE AND COMMUNITIES (BRIC) DESIGN DECISION FACILITATION, ADVANCED ANALYTICS, AND SUPPORT"
TERMINATION FOR CONVENIENCE.,POLITICOPRO SUBSCRIPTION SERVICES IN SUPPORT OF CYBERSECURITY & INFRASTRUCTURE SECURITY AGENCY (CISA).
MODIFICATION P00002: TERMINATE FOR CONVENIENCE OF THE GOVERNMENT.,"DIVERSITY, EQUITY, INCLUSION AND ACCESSIBILITY (DEIA) PROFESSIONAL SUPPORT SERVICES"
THE PURPOSE FOR THIS REQUEST IS REQUEST IS TO PROCURE MEMBERSHIP FOR SERVICES THAT PROVIDE ACCESS TO RESEARCH ON MANAGEMENT CHALLENGES AND ADVOCATE FOR REGULATORY AND LEGISLATIVES REFORMS THAT WILL STRENGTHEN THE CIVIL SERVICES. MEMBERSHIP WILL ALSO,THE PURPOSE FOR THIS REQUEST IS REQUEST IS TO PROCURE MEMBERSHIP FOR SERVICES THAT PROVIDE ACCESS TO RESEARCH ON MANAGEMENT CHALLENGES AND ADVOCATE FOR REGULATORY AND LEGISLATIVES REFORMS THAT WILL STRENGTHEN THE CIVIL SERVICES. MEMBERSHIP WILL ALSO
"TERMINATE FOR CONVENIENCE THE DIVERSITY, EQUITY, INCLUSION AND ACCESSIBILITY TRAINING CONTRACT FOR USCIS LEADERSHIP IN ACCORDANCE WITH EXECUTIVE ORDER 14173.","DIVERSITY, EQUITY, INCLUSION AND ACCESSIBILITY TRAINING FOR LEADERSHIP AND SUPERVISORS WHO MANAGE TEAMS."
"THE PURPOSE OF THIS MODIFICATION IS TO CLOSE OUT THE CALL ORDER. ALL SERVICES HAVE BEEN RENDERED, AND INVOICES HAS BEEN PAID IN FULL.",THE PURPOSE OF THIS CALL ORDER IS TO ISSUE A NEW ECQ PACKAGE.
THE PURPOSE OF THIS MODIFICATION IS TO DE-OBLIGATE AND CLOSEOUT.,EXECUTIVE CORE QUALIFICATIONS (ECQ)
FULL TERMINATION FOR CONVENIENCE OF THE GOVERNMENT,THIS AWARD IS FOR FEDERAL EMPLOYEE VIEWPOINT SURVEY (FEVS) ANALYSIS/SUPPORT FOR NRMC.
"THE PURPOSE OF THIS MODIFICATION IS TO CLOSE OUT THE CALL ORDER. ALL SERVICES HAVE BEEN RENDERED, AND INVOICES HAS BEEN PAID IN FULL.",THIS CALL ORDER IS TO ISSUE A NEW ECQ PACKAGE.
"THE PURPOSE OF THIS MODIFICATION IS TO PARTIALLY TERMINATE THE TASK ORDER TO REMOVE ALL LANGUAGE AND ENDING RENDERING OF SERVICES TO DIVERSITY, EQUITY, AND INCLUSION, EFFECTIVE IMMEDIATELY.","DHS, FEMA FLOOD MITIGATION ASSISTANCE (FMA) SWIFT CURRENT INITIATIVE EVALUATION"
"THE PURPOSE OF THIS MODIFICATION IS TO CLOSE OUT THE CALL ORDER. ALL SERVICES HAVE BEEN RENDERED, AND INVOICES HAS BEEN PAID IN FULL.",THE PURPOSE OF THIS CALL ORDER IS TO ISSUE A NEW ECQ PACKAGE.
"THE PURPOSE OF THIS MODIFICATION IS TO CLOSE OUT THE BPA. SOLUTIONS FOR THE WORKPLACE DID NOT RENEW THEIR GSA CONTRACT. ALL SERVICES HAVE BEEN RENDERED, AND INVOICES HAS BEEN PAID IN FULL.","THE CONTRACTOR SHALL PROVIDE A FULL RANGE OF SERVICES IN THE PREPARATION OF EXECUTIVE CORE QUALIFICATIONS (ECQ) PACKAGES FOR PERSONS SELECTED TO U.S. DEPARTMENT OF HOMELAND SECURITY (DHS), FEDERAL EMERGENCY MANAGEMENT AGENCY (FEMA) SES POSITIONS. CON"
"PRE-RETIREMENT, AND TEAM BUILDING TRAINING FOR FEDERAL EMPLOYEES FOR THE OCIO WORKFORCE MANAGEMENT BRANCH (WMB)","DIVERSITY, EQUITY, INCLUSION, AND ACCESSIBILITY (DEIA), PRE-RETIREMENT, AND TEAM BUILDING TRAINING FOR FEDERAL EMPLOYEES FOR THE OCIO WORKFORCE MANAGEMENT BRANCH (WMB)"
TERMINATION FOR CONVENIENCE,"NEW CONTRACT $40,675 FOR SUBSCRIPTION SERVICES TO CONGRESSIONAL QUARTERLY"
TERMINATION FOR CONVENIENCE - RAIO LEADERSHIP AND PROFESSIONAL DEVELOPMENT TRAINING.,TO PROVIDE LEADERSHIP DEVELOPMENT APPROACHES IN THE FORM OF INDIVIDUALIZED AND GROUP COACHING SERVICES TO RAIO LEADERSHIP THROUGH AN EXTERNAL PROVIDER DUE TO THE SCALE TO SUPPORT USCIS STRATEGIC GOALS TO STRENGTHEN OUR INVESTMENT IN AN EMPOWERED WORK
"THE PURPOSE OF THIS MODIFICATION IS TO TERMINATE THIS CALL ORDER FOR THE GOVERNMENT'S CONVENIENCE.  UNDER THE AUTHORITY OF SECTION (L) OF FAR 52.212-4, TERMINATION FOR THE GOVERNMENT'S CONVENIENCE, THE CNA CORPORATION IS HEREBY ADVISE THA",RISK-BASED FRAMEWORK TO DELIVERING PUBLIC ASSISTAN
null,null
